Company Name,Headcount,Employee Size,Industry,Product and Services,Description,SEO Description,Website,LinkedIn,X (Twitter),Facebook,Instagram,Company Type,Number of Locations,Primary Company Phone,Founding Year,Annual Revenue,Total Funding,Last Funding Type,Last Funding Amount,Last Funding Date,AI Ark Account ID,Company Store?,Store URL,Signal
FieldCore,4975,10001+,it services and it consulting,"field engineering, renewable energy, oil & gas, distributed power, installation & construction, rotating equipment, static equipment","GE Vernova is a planned, purpose-built global energy company that includes Power, Wind, and Electrification businesses and is supported by its accelerator businesses of Advanced Research, Consulting Services, and Financial Services. GE Vernova’s Gas Power business engineers advanced, efficient natural gas-powered technologies and services, along with decarbonization solutions that aim to help electrify a lower carbon future. 

As part of the Gas Power One Field Services team, we install, maintain, and upgrade power generation equipment, enabling operators of the world’s energy infrastructure to provide more reliable and affordable energy.","Our customers deserve a field services partner that helps them maximize performance, minimize risk, and consistently deliver high-quality field service solutions. That’s the blueprint for FieldCore. We set the global standard for world-class execution.",fieldcore.com,https://www.linkedin.com/company/fieldcorefieldservices,,https://www.facebook.com/WeAreFieldCore,,PUBLIC_COMPANY,0,,2017,500000000-999999999,,,,,58aa1312-3b01-6a9f-fe73-ff18d9c465bf,No,,no separate store detected
Pratt Industries,4959,10001+,packaging and containers manufacturing,"full service recycling, paper manufacturing, sheet manufacturing, corrugated boxes, point of sale displays, retail ready products, logistics, packaging supplies","Pratt Industries is a leading manufacturer of sustainable corrugated packaging  and display solutions. Founded more than 30 years ago, the company has shown dramatic growth with state-of-the-art facilities in 25 states and Mexico. Pratt is America’s fifth largest corrugated packaging company and the world’s largest, privately-held producer of 100% recycled paper, with more than 10,000 highly-skilled, green-collar employees dedicated to the environment and sustainability. 

The Georgia-based company operates an extensive Recycling Company to supply six of the most modern, cost-effective 100% recycled paper mills –  in Conyers, GA, New York City, NY, Valparaiso, IN , Shreveport, LA, Wapakoneta, OH and Henderson, KY.

Pratt is dedicated to the sustainability of the environment, its customers and its people. The cornerstone of Pratt’s mission is to protect and nurture the planet’s natural resources while reducing our impact on the environment by “Harvesting the Urban Forest.” By doing so the company also seeks to help its customers meet their environmental goals.


Pratt Industries provides equal employment opportunities to applicants and employees without regard to race, color, religion, sex, sexual orientation, gender identity, national origin, protected veteran status, or disability.",,prattindustries.com,https://www.linkedin.com/company/pratt-industries,https://x.com/prattindustries,https://www.facebook.com/prattindustries,,PRIVATELY_HELD,0,,1987,100000000-499999999,,,,,ad8e55b7-3356-4a71-dea2-e65d931ff30d,No,,no separate store detected
The Mosaic Company,4954,10001+,mining,"agriculture, crop nutrition, fertilizer, mining, phosphate, potash","The Mosaic Company (NYSE: MOS) helps the world grow the food it needs. Headquartered in Tampa, Florida, Mosaic is a leading producer and marketer of potash and phosphate fertilizer which are essential inputs for the world’s farmers. Through the Mosaic Biosciences platform, the company is advancing the next generation of biological solutions designed to improve nutrient use efficiency, strengthen crop performance, and support more sustainable agricultural systems. As a Fortune 500 company with 13,000 employees serving customers in more than 40 countries, Mosaic is helping build resilient and productive food systems for the future. More information on the company is available at www.mosaicco.com.",The Mosaic Company mines and processes phosphate and potash minerals into crop nutrients to help feed the world.,mosaicco.com,https://www.linkedin.com/company/mosaiccompany,https://x.com/MosaicCompany,http://www.facebook.com/mosaiccompany,,PUBLIC_COMPANY,0,,2004,100000000-499999999,900000000,POST_IPO_DEBT,900000000,2025-11-13,07464e47-07c6-7efb-94eb-e69a90b79ed7,No,,no separate store detected
GCC,4873,1001-5000,construction,"manufacturing, building, portland cement, ready-mix, concrete, construction","GCC is a leading producer of cement, ready-mix concrete, aggregates and innovative solutions for the construction industry. Our operations include facilities in 15 states across the center of the U.S. We focus on our customers and driving the market.
Our Mission:  To be the supplier of choice in cement, concrete products and innovative solutions.
Our Vision: Our customers recognize us as a business partner that generates the most value to their construction projects. We are a growing company, a great place to work and a solid investment for our shareholders.","GCC produces cement, concrete, aggregates and innovative products for the construction industries in Mexico, the United States, Latin America and Canada. Lets build a more sustainable world together.",gcc.com,https://www.linkedin.com/company/gccusa,,,,PUBLIC_COMPANY,0,+1 303 739 5900,1941,100000000-499999999,,,,,ec2217ab-818e-c03f-f9ac-14e13d0c49ba,No,,no separate store detected
Fidelity National Title,4832,5001-10000,real estate,"escrow, commercial real estate, cre, closing services, underwriting, insurance, title insurance, real estate, 1031 exchange","Fidelity National Title’s National Commercial Services division has more than 165 years of underwriting experience. Our centralized team of industry experts provides commercial and industrial developers, builders, lenders, attorneys, and other real estate professionals with reliable, integrated, high-liability services nationwide. We have built a reputation for efficiency in processing the most complex real estate transactions. Fidelity National Title can assist you with every phase of your transaction or development. Dedication to serving the needs and alleviating the concerns of our customers has made Fidelity National Title the nation’s foremost name in title insurance.

We provide the following:
Proforma Policies, Commitments, and Title Insurance Policies • Trustee Sale Guarantees/Litigation Guarantees • National Coordination • Acquisition, Disposition, Refinance, Loan Modification and Construction Loan Services • Electronic Delivery of Prelims with Hyperlinked Documents and Plotted Easements • Commercial and Sale-Out Escrow/Settlement Services • Subdivision Mapping Services/Parcel Maps/Lot Line Adjustments • DRE Processing • Tract Sale-Out Title Processing • SubEscrow Services/Payoffs and Wire Transfers • Underwriting and Technical Support • Re-Insurance and Co-Insurance • Customer Service/CommercialPro247 • Wind and Energy Projects",,fntic.com,https://www.linkedin.com/company/fidelitynationaltitle-ncs,,,,PUBLIC_COMPANY,0,+1 800 815 3969,1848,100000000-499999999,,,,,6089f6d9-91d6-d75c-f8dc-f9536c849dd3,No,,no separate store detected
Los Angeles Department of Water and Power,4823,5001-10000,utilities,"electricity, water, customer service","The Los Angeles Department of Water and Power (LADWP), the largest municipal utility in the United States, was established more than 100 years ago to deliver reliable, safe water and electricity supplies to some 3.8 million residents and businesses in the city of Los Angeles. 

Policy: LADWP.com/SocialMedia
Comments containing any of the following are subject to potential removal and/or restriction by the City:

Off-topic comments, including comments outside the jurisdiction of the City (or specific Department sites) or unrelated to the original post
Obscene content
Threats to any person or organization
Solicitation of commerce, including but not limited to advertising of any business or product for sale
Conduct in violation of any federal, state, or local law
Encouragement of illegal activity or violence
Information that may tend to compromise the safety or security of the public or public systems
Content that violates the privacy or security of an individual or a legal ownership interest -- such as a copyright – of any party.","Los Angeles Department of Water and Power. Building a stronger LA through service, innovation and opportunity.",ladwp.com,https://www.linkedin.com/company/los-angeles-department-of-water-and-power,https://x.com/ladwp_gm,,,GOVERNMENT_AGENCY,0,+1 800 499 8840,1902,100000000-499999999,,,,,9b08cb9c-65c7-bfba-4051-b113637b6f4c,No,,no separate store detected
NYC Department of Parks & Recreation,4813,5001-10000,government administration,"new york city parks, architecture, recreation, construction, sports, forestry management, fitness, natural resources management, environment, planning, landscape design","The New York City Department of Parks & Recreation is New York City's principal provider of recreational and athletic facilities and programs. Our parks are home to free concerts, world-class sports events, and cultural festivals. Parks & Recreation is the steward of nearly 14 percent of New York City's land, including thousands of individual properties ranging from Coney Island Beach and Central Park to community gardens and Greenstreets. We operate athletic fields, playgrounds, tennis courts, public pools, recreational facilities, nature centers, golf courses, and beaches throughout the five boroughs. We also care for monuments and historic house museums and look after hundreds of thousands of street trees (even more within parks).","The official website of the City of New York. Find information about important alerts, 311 services, news, programs, events, government employment, the office of the Mayor and elected officials.",nycgovparks.org,https://www.linkedin.com/company/nycparks,https://x.com/nycparks,https://www.facebook.com/nycparks,,GOVERNMENT_AGENCY,0,,1870,100000000-499999999,,,,,99163c3c-f0d6-56b9-4463-da5f2da9ab52,No,,no separate store detected
Graco,4810,1001-5000,machinery manufacturing,"contractor equipment, lubrication equipment, finishing equipment, protective coating equipment, process equipment, sealant and adhesive equipment","Graco began with two brothers in a garage and a relentless pursuit of better solutions. Nearly a century later, we design and manufacture thousands of fluid handling products that keep industries moving—from the paint that makes a house a home to the food that fuels your day.

Our customers span homeowners, contractors, service centers, and manufacturers in automotive, aerospace, packaging, and more. Whether it’s a weekend DIY project, a professional job site, or a global production line, Graco delivers reliability, efficiency, and innovation.","Graco is one of the world’s leading suppliers of fluid management products and packages. We manufacture equipment to move, measure, mix, control, dispense and spray fluids that are part of your daily life.",graco.com,https://www.linkedin.com/company/gracoinc,https://x.com/gracoinc,,,PUBLIC_COMPANY,0,+1 612 623 6000,1926,100000000-499999999,,,,,a20587c6-e5ad-0f2c-f368-d52b37c24f19,No,,no separate store detected
BrandSafway,4802,10001+,construction,"power generation, commercial construction, oil and gas, civil and infrastructure, scaffold and access, forming and shoring, specialty industrial services, support services, brandnet® digital planning and management, quikdeck® suspended access system, spider® powered suspended access solutions, haki® platforms and weather protection","With a commitment to safety as its foremost value, BrandSafway provides the broadest range of solutions with the greatest depth of expertise to the industrial, commercial and infrastructure markets. Through a network of 340 strategic locations across 25 countries and more than 38,000 employees, BrandSafway delivers a full range of forming, shoring, scaffolding, work access and industrial service solutions. BrandSafway supports maintenance and refurbishment projects as well as new construction and expansion plans with unmatched service from expert local labor and management. Today’s BrandSafway is At Work For You™ — leveraging innovation and economies of scale to increase safety and productivity, while remaining nimble and responsive.",,brandsafway.com,https://www.linkedin.com/company/brandsafway,https://x.com/brandsafway,https://www.facebook.com/BrandSafway,,PRIVATELY_HELD,0,,1936,100000000-499999999,,,,,aef1a94f-7ec5-bd4c-7467-644f8092ffa9,No,,no separate store detected
PAE,4788,10001+,international trade and development,"global missions, training, logistics, operations and maintenance services, stabilization, peacekeeping, national security, reconstruction missions, expeditionary construction, justice training","Since 1955, PAE has been a critical partner of the U.S. government and its allies on a global scale. With more than $2.7 billion in annual revenue, a workforce of more than 20,000, an operational presence in approximately 60 countries and a persistent presence on all seven continents, PAE delivers smart, secure, mission-critical operational support, information analysis and business process services. Our diverse workforce and innovative leadership offer a breadth of experience and commitment to excellence that spans the globe. Our international headquarters is in Falls Church, Virginia.",,amentum.com,https://www.linkedin.com/company/pae,https://x.com/pae_company,https://www.facebook.com/paegroup,,PUBLIC_COMPANY,0,,1955,100000000-499999999,220000000,POST_IPO_EQUITY,220000000,2020-02-10,f94b3000-f410-4151-2db2-3ccaa36aa58c,No,,no separate store detected
Deltek,4779,1001-5000,software development,"project management, project management software, erp, project-based erp, accounting software, government contracting, architecture & engineering, government contract management software, construction management, professional services, talent management, hr solutions, saas, project accounting software, hcm, financial management, cloud computing","When the margin for error is razor-thin, Deltek helps you deliver. 

We’re the intelligent platform for high-stakes work that runs on the project lifecycle —designed for the way you actually work. With purpose-built ERP, governance and control built in, and industry-tuned intelligence at every step of the lifecycle — win, plan, execute, analyze — Deltek helps you move fast without losing control. 

Trusted by 30,000 organizations when the work has to work.","An easy-to-use field app built for architects and engineers that automates field reports, site inspections and punch lists saving valuable time.",deltek.com,https://www.linkedin.com/company/deltek,https://x.com/Deltek,http://www.facebook.com/deltekinc,,PUBLIC_COMPANY,0,,1983,500000000-999999999,2000019,PRIVATE_EQUITY,,2012-01-01,a9fc3d46-3ad2-0fc9-db0f-4890c85fd5e7,No,,no separate store detected
US LBM,4778,10001+,wholesale building materials,"building materials, lumber, truss manufacturing, k&b design, ewp design","US LBM is a leading national distributor of building materials to construction professionals, including new homebuilders, commercial builders and remodelers. US LBM’s more than 450 locations across the country consist of lumber yards, distribution centers, kitchen and bath showrooms, hardware stores and truss manufacturing plants which distribute a comprehensive portfolio of specialty building products, such as windows, doors, millwork, wallboard, roofing, siding, decking, engineered components and cabinetry along with lumber and engineered wood products. 

US LBM’s divisions serve multiple major metropolitan markets, including New York, Chicago, Philadelphia, Dallas-Fort Worth, Atlanta, Houston, Washington, DC, Boston and Phoenix, and operate under several local brand names, many of which are among the most well-known names in building materials distribution. US LBM’s brands include ALCO Doors, Arizona Building Supply, Arrow Building Center, Bailey Lumber & Supply, Barrons, Bellevue Builders Supply, Brand Vaughan Lumber, Breckenridge & Edwards Building Centers, Darby Doors, Deering Lumber, Desert Companies, East Haven & Ridgefield Building Supply, Evergreen Lumber, Forge Lumber, Foxworth-Galbraith Lumber, GBS Builders Supply, Gilcrest/Jewett Lumber, Higginbotham Brothers, Hines Building Supply, Jennings Builders Supply, Myers Building Product Specialists, Junior's Building Supplies, KI Lumber, Lampert Lumber, Lumber Specialties, Lyman Companies, Maner Builders Supply, Manning Building Supply, Massey Builders Supply, Myrtle Beach Building Supply, Meek’s, Mid-Cape Home Centers, Musselman Lumber, NexGen, Parker’s Building Supply, Poulin Lumber, Professional Builders Supply, RAKS Building Supply, Raymond Building Supply, Ridout Lumber, Shelly's Supply, Standard Lumber & Supply, Texas Building Supply, Universal Supply, Wisconsin Building Supply and Zeeland Lumber & Supply.",,uslbm.com,https://www.linkedin.com/company/uslbm,,,,PRIVATELY_HELD,0,,2009,100000000-499999999,0,PRIVATE_EQUITY,,2023-10-16,a29434e9-7fad-2c0f-6e49-06f7edc9ca34,No,,no separate store detected
Procore Technologies,4744,1001-5000,software development,"construction software, construction project management software, online project management software, web-based construction management tools, ipad for construction, construction submittals, iphone for construction, construction project software","Procore Technologies, Inc. (NYSE: PCOR) is a leading technology partner for every stage of construction. With more than two decades of experience, over three million projects in 150+ countries have run on Procore’s purpose-built, unified platform. From project planning to completion, Procore’s innovative technology delivers AI & data-driven insights to help teams drive efficiency and mitigate risks.

By harnessing the power of technology and deep industry expertise, Procore is committed to shaping a better future for construction professionals, projects, and communities. Whether it’s a small-scale build or a large-scale infrastructure portfolio, Procore connects every stakeholder through seamless communication and collaboration, delivering the solutions and insights needed to overcome challenges and achieve success throughout the construction lifecycle.","The all-in-one construction management software built to help you finish quality projects—safely, on time, and within budget.",procore.com,https://www.linkedin.com/company/procore-technologies,https://x.com/procoretech,http://www.facebook.com/procore.tech,,PUBLIC_COMPANY,0,+1 866 477 6267,2002,500000000-999999999,654024981,POST_IPO_SECONDARY,4070000,2023-09-21,614f50a4-c657-bb02-91f4-6c8218ecd872,No,,no separate store detected
Copeland,4691,10001+,renewable energy semiconductor manufacturing,,"Copeland is a global leader in sustainable climate solutions. We help commercial, industrial, refrigeration and residential customers reduce their carbon emissions and improve energy efficiency.​

We are addressing issues like climate change, growing populations, electricity demands, and complex global supply chains with innovations that:​

Advance energy transition in heating, cooling and cold chain solutions.​

Accelerate the adoption of refrigerants that reduced climate impact.​

Safeguard critical goods like food and medicine through the refrigerated supply chain (cold chain).​

Sustainability has been at the heart of who we are for over 100 years.​

We are backed by 18,000 talented colleagues globally with feet on the ground in more than 40 countries – a global presence that makes it possible to serve customers wherever they are in the world and meet challenges with scale and speed. Our industry-leading brands and diversified portfolio deliver innovation and technology proven in over 200 million installations worldwide.​

Together, we create sustainable solutions that improve lives and protect the planet today and for future generations. ​",Sustainability is no small ambition. That’s why Copeland is built for action on a global scale. Everything we do is geared toward a more sustainable future—for our generation and all those to come.,copeland.com,https://www.linkedin.com/company/copeland,,https://www.facebook.com/CopelandCompanyLP,,PRIVATELY_HELD,0,+1 844 529 7943,1971,100000000-499999999,3500000000,SECONDARY_MARKET,3500000000,2024-06-06,1a78b8c0-edfd-2196-4dbf-9275ff177009,No,,no separate store detected
Arconic,4638,10001+,manufacturing,"aerospace, automotive, building and construction, commercial transportation, defense and space, industrial solutions, engineering, innovation, technology, packaging","Arconic Corporation, headquartered in Pittsburgh, Pennsylvania, is a leading provider of aluminum sheet, plate and extrusions, as well as innovative architectural products, that advance the ground transportation, aerospace, building and construction, industrial, and packaging end markets. 

Keep up with us here to find out how we're helping to advance the automotive, aerospace, commercial transportation, industrial, packaging and building and construction markets.

Social Media Disclaimer
We welcome conversation on our LinkedIn page about anything relevant to Arconic and its products. We do ask that everyone follow a few simple guidelines: Please keep it professional and refrain from profanity, direct personal criticism aimed at Arconic employees or speculation about the company. Please do not post copyrighted or confidential material. Anything that violates these guidelines, Arconic policies, or that we find to be otherwise inappropriate for any reason may be hidden or removed.",,arconic.com,https://www.linkedin.com/company/arconic,https://x.com/arconic,https://www.facebook.com/arconic,,PUBLIC_COMPANY,0,+1 412 315 2984,2016,100000000-499999999,,,,,b4e4c0e1-9d3a-69eb-fbaf-26636c28c8ae,No,,no separate store detected
Hexagon Asset Lifecycle Intelligence,4637,10001+,software development,"enterprise engineering software, oil and gas, construction, engineering and design, information management, power, mining, project controls, chemical, 3d design software and technology, industry 4.0, cloud, iot, aec, shipbuilding, fabrication","Hexagon’s Asset Lifecycle Intelligence division helps clients design, construct and operate more profitable, safe and sustainable industrial facilities. We empower customers to unlock data, accelerate industrial project modernization and digital maturity, increase productivity and move the sustainability needle.  

Headquartered in Madison, Alabama, USA, our 2,400 employees are located on five continents and serve customers in over 80 countries.

Hexagon's Asset Lifecycle Intelligence division is part of Hexagon (Nasdaq Stockholm: HEXA B; Hexagon.com), a global leader in sensor, software, and autonomous solutions whose technologies are shaping urban and production ecosystems to become increasingly connected and autonomous – ensuring a scalable, sustainable future.","La gamma di software CAD CAM (progettazione e produzione assistita da computer) di Hexagon consente alle aziende di generare, gestire e ottimizzare i…",hexagon.com,https://www.linkedin.com/company/hexagonassetlifecycleintelligence,,,,PUBLIC_COMPANY,0,+1 468 601 2620,,500000000-999999999,,,,,32da651d-be27-ca1a-92bc-d366f090bc15,No,,no separate store detected
JE Dunn Construction,4631,5001-10000,construction,"construction management, design-build, building information modeling, program management, self-perform concrete and masonry, cm at risk, general contracting, mission critical, healthcare, advanced industries, virtual design and construction","JE Dunn Construction is a family- and employee-owned company and the sixth-largest domestic general contractor in the United States, with 26 offices nationwide. We provide construction management, design-build, and integrated construction services across a wide range of markets. From design and preconstruction through closeout, we work in close partnership with our clients to deliver safe, high-quality projects nationwide. Building authentic partnerships and a shared commitment to doing the right thing guides our work.  

John Ernest (Ernie) Dunn founded JE Dunn Construction Company in Kansas City, Missouri, in 1924. His philosophy was simple: Treat people fairly and offer clients quality service at a fair price. His vision and approach to conducting business still influence our people and our work today. 

Since our founding, JE Dunn has grown into a trusted partner with offices in 17 states. Our longevity and continued growth are a direct result of our people and the relationships they build every day. We take a resolute responsibility for our role in each project and for the communities we serve. 

At JE Dunn, people come first. As an employee-owned construction company, we’ve spent more than 100 years creating a culture of inclusion and belonging. Our success is powered by our people and our shared commitment to doing the right thing, giving back, and building authentic partnerships in the communities where we live and work. These principles drive our vision to enrich lives through inspired people and places. 

We believe successful projects start with people. Our teams take time to understand each client’s journey and remain flexible, accountable, and transparent from start to finish. Through unmatched communication and ongoing collaboration, we bring the right people and the right tools together to support informed decisions, reduce risk, and deliver outcomes aligned with project goals. 

Ready to work with us? Learn more at jedunn.com.",JE Dunn is one of the largest domestic general building contractors in the United States with our successful portfolio spanning across dozens of Industries.,jedunn.com,https://www.linkedin.com/company/je-dunn-construction,https://x.com/jedunn,https://www.facebook.com/jedunnconstruction,,PRIVATELY_HELD,0,,1924,100000000-499999999,,,,,6e198d8f-edf2-7492-ba3e-e89da0ba7128,No,,no separate store detected
StandardAero,4625,5001-10000,aviation and aerospace component manufacturing,"aviation maintenance, repair & overhaul, business aviation maintenance, aircraft maintenance, helicopter maintenance, aircraft mro services","StandardAero is organized in two distinctive divisions, Engine Services and Component Repair Services.  These two divisions represent the core strengths of StandardAero, our exhaustive engine maintenance, repair and overhaul services capabilities and our significant portfolio of component repair services for business aviation, commercial aviation, military, fixed wing, helicopter and industrial power customers. To deliver our mission, we employ nearly 7,500 talented and experienced professional, administrative and technical employees that work in 49 primary facilities worldwide, with additional strategically located regional service and support centers all across the globe.


StandardAero is OEM authorized and approved for aircraft and rotorcraft engines, auxiliary power units, components; airframe services including major alterations; FAA authorized avionics capabilities; comprehensive engineering services; and custom exterior and interior design, completion, and paint. We provide these capabilities through our network of specialized facilities and mobile service teams.

We’ve solved some of the biggest aviation challenges through ingenuity, teamwork and collaboration. Our culture is built on respect, open communication and recognition for a job well done. We focus on teamwork to create a supportive environment where everyone can bring their skills and perspectives to the table. With over 100 years of experience in the aviation industry, we have the stability, resources and training to help our team achieve their career goals.","One of the worlds largest independent maintenance, repair and overhaul (MRO) providers",standardaero.com,https://www.linkedin.com/company/standardaero,https://x.com/standardaero,https://www.facebook.com/standardaero,,PUBLIC_COMPANY,0,,1911,500000000-999999999,1848000000,POST_IPO_SECONDARY,840000000,2025-05-21,8b85b24a-1d64-28ae-81cd-0e590446622a,No,,no separate store detected
Acuren,4624,5001-10000,public safety,"nde/ndt inspection, reliability engineering, advanced nde/ndt, materials testing laboratory, materials engineering, rope access inspection (rat intl), condition based monitoring, failure analysis, training (hellier ndt)","Acuren (NYSE: TIC) is a leading provider of critical asset integrity services. The company operates primarily in North America serving a broad range of industrial markets. It provides these essential and often compliance-mandated (often at customer locations) services in the industrial space and is focused on the recurring maintenance needs of its customers. The work Acuren does fits in the service category referred to as Testing, Inspection and Certification (TIC) including Nondestructive Testing (“NDT”) in the field and the laboratory and in-lab destructive testing capabilities.","Acuren provides state-of-the-art nondestructive testing, inspection, engineering & rope access enabled industrial services throughout NA and the UK.",acuren.com,https://www.linkedin.com/company/acuren,https://x.com/@acuren_ndt,https://www.facebook.com/AcurenGroup,,PUBLIC_COMPANY,0,,1974,100000000-499999999,0,PRIVATE_EQUITY,,2019-12-01,7b5ee018-d357-de24-5eda-28081a6acb3d,No,,no separate store detected
"China Railway Construction Co., Ltd.",4620,0-1,civil engineering,,"China Railway Construction is a civil engineering company based out of BEIJING. China Railway Construction representatives, don’t miss out on opportunities to build relationships with members on LinkedIn. Claim your page, write a simple description, and share content to attract followers that can lead to new customers, brand fans, and future employees. Go here to get started: http://linkd.in/1DUpBvu",,crcc.cn,https://www.linkedin.com/company/china-railway-construction-co-ltd-,https://x.com/crecofficial,https://www.facebook.com/CRCC.com.cn,,PUBLIC_COMPANY,0,+86 10 5188 8114,1990,100000000-499999999,561987187,POST_IPO_DEBT,561987187,2025-11-11,cd37a748-fe73-8332-2804-0f05be284fe4,No,,no separate store detected
Devon Energy,4547,1001-5000,oil and gas,"oil, natural gas, natural gas liquids, energy, exploration, production, data science, technology, health & safety, geology, geophysics, engineering, petroleum engineering, accounting, finance, geoscience, it, project management, reservoir engineering, analytics, accounting, intelligent automation, artificial intelligence, robotic process automation","Devon Energy is a leading oil and gas producer in the U.S. with a premier multi-basin portfolio headlined by a world-class acreage position in the Delaware Basin. Devon’s disciplined cash-return business model is designed to achieve strong returns, generate free cash flow and return capital to shareholders, while focusing on safe and sustainable operations. 

Headquartered in Oklahoma City, Devon is a Fortune 500 company and is included in the S&P 500 Index. Its common shares trade on the New York Stock Exchange under the ticker symbol DVN.",,devonenergy.com,https://www.linkedin.com/company/devon-energy,https://x.com/DevonEnergy,https://www.facebook.com/devonenergy,,PUBLIC_COMPANY,0,,1971,100000000-499999999,,PRIVATE_EQUITY,,2019-12-31,e2650882-b196-6a7c-8b37-d767b3c229e5,No,,no separate store detected
EOG Resources,4497,1001-5000,oil and gas,"oil, natural gas, natural gas liquids","EOG Resources, Inc. is one of the largest crude oil and natural gas exploration and production companies in the United States with proved reserves in the United States and Trinidad.

EOG is driven from the bottom up by our innovative and highly engaged employees, we are a collaborative organization where employees continuously learn from one another. By providing employees with a quality environment in which to work, and by maintaining a consistent college recruiting and internship program, EOG is able to attract and retain some of the industry’s best and brightest – individuals who will embrace the company’s culture and our commitment to sustainability and corporate responsibility.

We are focused on being among the lowest cost, highest return and lowest emissions producers, and playing a significant role in the long-term future in energy. If you’re interested in joining us, visit: https://www.eogresources.com/culture/

EOG COMMUNITY GUIDELINES 
 
EOG Resources, Inc. is not responsible for any content or comments published by third parties.  Any user-generated content published on this page is the sole responsibility of the user. To maintain a respectful discussion, EOG please asks that you respect the following: 
•	You agree to not post anything that is spam, abusive, profane, crude, defamatory or libelous toward a person, entity or belief 
•	You agree to not post false or incorrect information 
•	You agree to not post personal information (e.g.- email address, phone number).
 
EOG reserves the right to delete comments that violate these guidelines or are otherwise deemed inappropriate. Please direct all questions, issues or inquiries as appropriate using the Contact Us page on our website, at https://www.eogresources.com/company/contacts/",,eogresources.com,https://www.linkedin.com/company/eog-resources,,,,PUBLIC_COMPANY,0,,1999,100000000-499999999,1000000000,POST_IPO_SECONDARY,1000000000,2022-08-24,6e11bc73-b599-4af2-b5f2-7c5e9c91cf50,No,,no separate store detected
Hess Corporation,4443,1001-5000,oil and gas,exploration and production,"Hess Corporation is a global independent energy company engaged in the exploration and production of crude oil and natural gas. We are an industry leader in the Bakken shale play in North Dakota, one of the largest producers in the deepwater Gulf of Mexico and a key natural gas producer and supplier to Peninsular Malaysia and Thailand. Hess is also engaged in exploration and appraisal activities offshore Guyana, participating in one of the industry’s largest oil discoveries in the past decade, as well as in the Gulf of Mexico and Suriname. Globally, Hess is recognized as an industry leader in environmental, social and governance performance and disclosure.

At Hess, six core values guide our actions as individuals at work and as a corporation: Integrity, People, Performance, Value Creation, Social Responsibility and Independent Spirit. They are the basic building blocks of our organization's culture and represent our company's collective conscience. While our strategy changes over time based on business conditions, our values are enduring.

We are committed to meeting the world's growing need for energy while making a positive impact on the communities where we do business. We strive each day to ensure the safety of our workforce and host communities while preserving the environment.

COMMUNITY GUIDELINES 
Hess is not responsible for any content or comments published by 3rd party members. Any user-generated content published on this page is the sole responsibility of the user. To maintain a respectful discussion, our team asks that you respect the following:
-You agree to not post anything that is spam, abusive, profane, crude, defamatory or libelous toward a person, entity or belief
-You agree to not post false or incorrect information 
-You agree to not post personal information (e.g. email address, phone number)

Hess welcomes your feedback. We ask that you send all questions, issues or inquiries through our website’s Contact Us page: www.hess.com/company/contact","Find out about Hess Corporation, a global company devoted to exploring oil, gas and energy solutions, and about investing on our official website.",hess.com,https://www.linkedin.com/company/hess-corporation,https://x.com/HessCorporation,http://www.facebook.com/hesscorporation,,PUBLIC_COMPANY,0,,1919,500000000-999999999,,,,,36e28606-1db9-3add-6bd2-6a155f25ccb8,No,,no separate store detected
Martin Marietta,4391,5001-10000,mining,"aggregates, ready mix concrete, asphalt, magnesium hydroxide, magnesium oxide, dolomitic lime","Every member of our ONE Martin Marietta team is driven by our shared values of safety, integrity, excellence, community and stewardship. 

Our goal is to build a world-class organization committed to the long-term success of our employees, communities and other shareholders. We are a member of the S&P 500 Index and a leading supplier of aggregates and heavy building materials. Through a network of operations spanning 28 states, Canada and the Bahamas, our teammates supply the foundational resources on which our communities thrive and grow. Our Specialties business provides high-purity magnesia and dolomitic lime products used worldwide in environmental, industrial, agricultural and specialty applications.

 We provide exceptional customer service and strive to be good neighbors in the 500 communities in which we operate. We also support each other while working to build a legacy that will make our loved ones proud. We know that together, we’ll make an impact that lasts far beyond tomorrow.","A leading supplier of construction aggregates and heavy building materials, with over 500 locations spanning 30 states, Canada and the Caribbean.",martinmarietta.com,https://www.linkedin.com/company/martinmarietta,,,,PUBLIC_COMPANY,0,+1 919 781 4550,1994,100000000-499999999,,,,,ccfc061d-338f-517c-8022-01d968883228,No,,no separate store detected
The Heico Companies LLC,4381,5001-10000,venture capital and private equity principals,"manufacturing, construction, industrial services, metal processing, engineered components, speciality equipment, acquisitions, wbenc","Heico has a long history of success. Since its founding over 40 years ago, The Heico Companies L.L.C. has grown from a single business to over 74 separate companies through a strategic acquisition policy, and by reinvesting its earnings into internal growth and new prospects. Historically talented at restoring distressed companies, Heico now also targets acquisitions that will complement its ever-growing portfolio of companies in manufacturing, construction, and industrial services.

These four core operations are organized into platforms: Metal Processing Group, Industrial Technologies Group, Construction Solutions Group, and Applied Solutions Group. Once acquired, new Heico companies are assigned to a platform and run on a stand-alone basis, allowing for great independence as well as the opportunity to share knowledge about markets, production processes, and management practices across other Heico platforms and companies.

Heico continues to seek out new opportunities and maintain its standard of success. The Heico Companies L.L.C has remained a privately held company since its creation and maintains a majority ownership in each of its operations, which generate more than two billion dollars in revenues.",,heicocompanies.com,https://www.linkedin.com/company/the-heico-companies-llc,,,,PRIVATELY_HELD,0,+31 24198220,1979,100000000-499999999,,,,,302f6d14-ae35-cb7f-27e2-5dac15ce9ffb,No,,no separate store detected
C&W Services,4359,10001+,facilities services,"maintenance, critical environments, janitorial, grounds & landscaping, moving, office & mailroom, operations & maintenance, preventive maintenance, predictive maintenance, energy management, cleaning, green cleaning, internet of things, iot, safety, energy use, fluid management, badging, automation","Raising the Value of Facilities Services. 

C&W Services is a leading integrated facility services provider that helps clients drive down facility operating expenses, increase facility efficiency and uptime, make strategic business decisions, and create a positive occupant experience.

We are raising the value of the facilities industry by: 

Developing a broad range of services that help keep your facilities clean, productive, safe and efficient.

Empowering our people through a culture of diversity, opportunity, and recognition, because we believe a team that is prepared and full of pride in their work makes a bigger impact, and takes greater initiative for our clients. 

Redefining the status quo. We find new ways to innovate, enhance and create value that challenges established ways of thinking about facilities services.",We are proud to lead the facility services industry in preventive and predictive maintenance programs for clients across North America.,cwservices.com,https://www.linkedin.com/company/c&w-services,,https://www.facebook.com/raisingthevalue,,PRIVATELY_HELD,0,,1950,100000000-499999999,,,,,4699242b-004e-9f0e-17f0-4b64bf881bbe,No,,no separate store detected
Bobcat Company,4344,1001-5000,machinery manufacturing,"skid-steer loaders, compact excavators, robotics, manufacturing, lean six sigma (lss), compact track loaders, mini track loaders, telehandlers, compact tractors, utility vehicles, toolcat™ utility work machines, attachments, engineering, innovation, compact tractors","Bobcat Company is a leading provider of compact equipment for global construction, rental, landscaping, agriculture, grounds maintenance, acreage management, government, utility, industrial and mining markets. We strive to empower our customers to do their jobs more efficiently and effectively. We’re North Dakota’s largest manufacturer, with the most extensive compact equipment distribution network in the world.","Bobcat brings industry-leading toughness to turf with a large family of rugged, zero-turn mowers - including ride-on, stand-on and commercial walk-behind mowers.",bobcat.com,https://www.linkedin.com/company/bobcat-company,https://x.com/bobcatcompany,https://www.facebook.com/BobcatAPLA,,PUBLIC_COMPANY,0,,1947,100000000-499999999,,,,,8fc3cc46-d56a-7f1b-2cc4-a122786ffa12,No,,no separate store detected
"Steel Dynamics, Inc",4280,10001+,manufacturing,"steelmaking, steel finishing, fabrication, ferrous and non-ferrous scrap collection and processing, iron making","Steel Dynamics is one of the largest domestic steel producers and metals recyclers in the United States, based on estimated annual steelmaking and metals recycling capability, with facilities located throughout the United States, and in Mexico. Steel Dynamics produces steel products, including hot roll, cold roll, and coated sheet steel, structural steel beams and shapes, rail, engineered special-bar-quality steel, cold finished steel, merchant bar products, specialty steel sections and steel joists and deck. In addition, the company produces liquid pig iron and processes and sells ferrous and nonferrous scrap.","Long Products Steel supplies beams and shapes, rail, engineered special bar-quality steel, cold finished steel, merchant bar products, and specialty steel.",steeldynamics.com,https://www.linkedin.com/company/steel-dynamics-inc,,https://www.facebook.com/pages/Steel-Dynamics-Inc/160178960708250,,PUBLIC_COMPANY,0,,1993,100000000-499999999,2400000000,POST_IPO_DEBT,1000000000,2025-03-12,e4d9b0db-b1e7-2b28-05e8-3a9ca95c2dc3,No,,no separate store detected
Pinnacle Infotech,4241,5001-10000,it services and it consulting,"bim modeling, 3d mep co-ordination, cad drafting and document management., revit / navisworks / mep detailing, shop fabrication drawings, 3d bim engineering, home builders  , structural engineer, architect, general contractor, concrete contractor, mechanical contractor, bim vr 360 construction, 4d construction simulation, cad drafting services, bim engineering services, 3d visualization, redline markups, digital prefabrication, marketing bim presentation, bim engineering services, hvac, revit family","At Pinnacle Infotech, we “Construct Certainty with Technology.”

We are the global leader in providing innovative end-to-end digital construction, design engineering, and BIM solutions to Architecture, Engineering, and Construction (AEC) firms worldwide, enabling our clients to control their construction projects completely. Our work spans the entire BIM spectrum, from 3D to 7D to facilitate project coordination, collaboration, asset management, cost, and resource optimization.

We have 5200+ employees in 15 global delivery centers worldwide to ensure quick turnarounds on complex projects. As a result, Pinnacle has successfully executed over 18000+ BIM projects for 2600+ satisfied clients in 47+ countries across 6 continents. Our portfolio includes projects such as Airports, Manufacturing Units, Data Centers, Hospitals, Stadiums, High-Rise Towers, and more.

Our process orientation & quality control are as per ISO 19650-5, ISO 9001:2015, and ISO 14001:2015 standards.","Discover the power of BIM solutions with Pinnacle Infotech, a leading BIM company. Transform your construction projects with BIM excellence.",pinnacleinfotech.com,https://www.linkedin.com/company/pinnacle-infotech,https://x.com/pinnacle_aec,https://www.facebook.com/pinnacle.infotech.aec,,PRIVATELY_HELD,0,+1 713 780 2135,1991,500000000-999999999,,,,,7ebe480c-e003-a272-f861-b64596359e9a,No,,no separate store detected
Gilbane Building,4241,1001-5000,construction,"civic & cultural, food & beverage, fueling facilities, commercial, healthcare, criminal justice, historic restoration, environmental, k12 education ; college & university, federal, science & technology, mission critical, sports, transportation","Gilbane Building Company provides a full slate of construction and facilities-related services—from preconstruction services planning and integrated consulting capabilities to comprehensive construction management, general contracting, design-build, and facility management services— for clients across various markets. Founded in 1870 and still a privately held, family-owned company, Gilbane has more than 45 office locations worldwide and is fueled by a talented workforce of over 3,000 team members.

For more than 150 years, Gilbane has been a trusted, experienced, and innovative partner in building for clients around the globe. Gilbane delivers the highest quality work that stands the test of time, drawing from world-class expertise combined with local knowledge and relationships. Our breadth of expertise and quality is applied across diverse market sectors.","Gilbane is a leading global builder and real estate developer Building Company Development Company About Gilbane Innovative, solutions-driven,",gilbaneco.com,https://www.linkedin.com/company/gilbane-building-company,https://x.com/gilbanebuilding,https://www.facebook.com/GilbaneBuildingCompany,,PRIVATELY_HELD,0,,1870,100000000-499999999,16000000,DEBT_FINANCING,16000000,2022-12-19,799119c6-e4bf-d687-11e5-f05c5cd76869,No,,no separate store detected
Bon Appétit Management Company,4240,10001+,restaurants,"sustainable food, food service, local food, restaurants, vegetarian, humanely raised meat, cooking from scratch, corporate food service, healthy food, university food service","Bon Appétit Management Company (www.bamco.com) is an on-site restaurant company offering full food-service management to corporations, universities, and specialty venues. Based in Redwood City, CA, Bon Appétit has more than 1,000 cafés in 33 states, including ones for Google, Oracle, Emory University, and the Getty Center, as well as public restaurants such as STEM Kitchen & Garden and The Hangar in South San Francisco. Bon Appétit chefs cook from scratch, including their sauces, stocks, and soups. A pioneer in environmentally sound sourcing policies, Bon Appétit has developed programs addressing local purchasing, the overuse of antibiotics, sustainable seafood, the food and climate change connection, humanely raised meat and eggs, and farmworker welfare. We're proud to have received numerous awards for our work, from organizations including the International Association of Culinary Professionals, the James Beard Foundation, Chefs Collaborative, Natural Resources Defense Council, Seafood Choices Alliance, The Humane Society of the United States, and Food Alliance. 
￼","On-site restaurant company offering full food-service management to corporations, universities, and museums in 32 states. All Bon Appétit food is cooked from scratch",bamco.com,https://www.linkedin.com/company/bonappetitmgt,,,,PUBLIC_COMPANY,0,+1 704 328 7877,1987,100000000-499999999,,,,,1f1d8bb4-6a03-fa62-a427-a9318de3cee5,No,,no separate store detected
Southland Industries,4214,5001-10000,construction,"engineering, hvac, construction, plumbing, service & maintenance, process piping, energy services, project management, fire protection, controls & automation, repair & retrofit","As one of the nation's largest building systems experts, Southland Industries provides innovative, practical results for your engineering, construction, service, and energy needs. Optimizing each stage of the building lifecycle with our in-house expertise, we connect to your business strategy by delivering holistic solutions.","As an MEP building systems expert, Southland Industries provides integrated, full lifecycle solutions that optimize the design, construction, operation, and efficiency of buildings.",southlandind.com,https://www.linkedin.com/company/southland-industries,https://x.com/southlandind,https://www.facebook.com/southland-industries-156825886400,,PRIVATELY_HELD,0,,1949,100000000-499999999,,,,,aac0506d-5955-176b-a3ee-cdb294e63a90,No,,no separate store detected
Iyuno,4192,1001-5000,translation and localization,"subtitling, captioning, dubbing, audio description, access services, media services, creative post production, distribution, end-to-end services, machine assisted translation (mat)","Iyuno (iyuno.com) is the global media and entertainment industry’s leading localization service provider. As a trusted partner to the world’s most recognized entertainment studios, streaming platforms and creators, it offers end-to-end localization services – from dubbing, subtitling and access services to media management, transformation and distribution services – in over 100 languages for every type of content distribution platform. The company's 75-year collective legacy is unmatched in operational expertise, scale, capacity and breadth of services. Leveraging the best in breed creative and technical talent, state-of-the-art facilities and next generation technologies, the company now boasts the largest global footprint with 67 offices in 34 countries. The company’s scale and customer-centric approach is focused on its mission of connecting content, connecting people. For more information, follow @IyunoHQ and #WeAreIyuno across social platforms.","Iyuno is the worlds media localization provider of technology-driven end-to-end solutions for films, television, games, new media and corporate needs.",iyuno.com,https://www.linkedin.com/company/iyunohq,,,,PRIVATELY_HELD,0,+1 818 812 1213,1974,100000000-499999999,,,,,fb8b2478-a880-1ded-94af-087a56860eb1,No,,no separate store detected
USEPA,4187,10001+,environmental services,"waste regulation, site remediation, protecting human health and the environment, air and water quality, brownfields, environmental grants, epaorigin http://www.epa.gov/history/topics/epa/15c.htm, radiation protection, environmental radioactive material measurement","EPA was founded December 2, 1970, employs 17,000 people across the country & deals with United States environmental issues both domestically & abroad. President Richard Nixon proposed & Congress supported ""a strong, independent agency.""​ that viewed ""the environment as a whole.""​ The President's charge to the first EPA Administrator [a 38-year-old Assistant Attorney General named William Ruckelshaus] was to treat ""air pollution, water pollution and solid wastes as different forms of a single problem.""​ The main purpose of the reorganization giving birth to EPA was to introduce a ""broad systems approach [that]...would give unique direction to our war on pollution.""​  Ruckelshaus said that he & EPA were starting with ""no obligation to promote commerce or agriculture.""​ By promising to enforce ""reasonable standards of air quality,""​ Ruckelshaus positioned himself as the government advocate of environmental progress; not merely a mediator between industry & the public.  In fact, he envisioned for EPA a crucial role in the ""development of an environmental ethic""​ among businessmen & citizens alike.

EPA employees work at: HQ in Washington, DC, 10 regional offices [Boston, New York, Philadelphia, Atlanta, Chicago, Dallas, Kansas City, Denver, San Francisco, & Seattle] & more than two dozen labs & field offices across the 50 states & 6 territories. EPA staff is highly educated, motivated & technically trained. More than half are engineers, scientists, & policy analysts. Many are also legal, public affairs, financial, information management & computer specialists. Only NASA staff hold more advance degrees than do EPA staff.

EPA develops regulation & enforces [both civilly & criminally] statutes protecting human health & the environment. EPA promotes technical assistance & international coordination on environmental issues. EPA researches & sets standards for environmental programs & delegates those programs to states to assist in & perhaps one day take over EPA's mission.",Information regarding the revised definition of Waters of the United States,epa.gov,https://www.linkedin.com/company/usepa,,,,GOVERNMENT_AGENCY,0,+1 919 541 4767,1970,100000000-499999999,,,,,6beb917f-aafc-e4c4-cb22-7b88d8583f1f,No,,no separate store detected
"TEAM, Inc.",4184,5001-10000,industrial machinery manufacturing,"leak repair, valve repair, field machining, emissions control, hot taps/line stops, valve insertion, technical bolting, heat treating, nde/ndt, tank management, mechanical integrity, specialty welding, isolation test plugs, rope access, engineering/manufacuring","Team, Inc. is a leading industrial services company offering an array of specialized services related to the construction, maintenance, and monitoring of pressurized piping and associated systems. We serve customers in the refining, petrochemical, power, pipeline, and other heavy industrial industries with a level of service that goes above and beyond. With more than 220 U.S. and international locations, we are rapidly growing our global footprint across a wide range of industries - with service locations in five continents.","TEAM, Inc. empowers greater safety, reliability and operational efficiency through technology-enabled asset integrity management and performance solutions.",teaminc.com,https://www.linkedin.com/company/team-inc1,https://x.com/teamindustrial,https://www.facebook.com/TeamIndustrialServicesInc,,PUBLIC_COMPANY,0,+1 800 662 8326,1973,100000000-499999999,572400000,POST_IPO_EQUITY,75000000,2025-09-11,2bbc5e37-f291-a2be-93b9-d8a840c46ce4,No,,no separate store detected
The Chickasaw Nation,4168,10001+,government administration,,"The Chickasaw Nation is a federally recognized tribe of 82,000 citizens. Tribal government headquarters are located in Ada, Oklahoma. 

Bill Anoatubby is Governor of the Chickasaw Nation. Bill Anoatubby began work for the Chickasaw Nation in 1975 as health services director. A year later, he was asked to direct its finance department. In October 1978, he was promoted to the position of special assistant to the governor and controller. In 1979, he was elected as the tribe’s first Lt. Governor. Governor Anoatubby was elected to his first term as Governor in 1987. In his first term, Governor Anoatubby established goals of economic development and self-sufficiency for the Chickasaw Nation and its people.

Today, the Chickasaw Nation is well on the way to achieving those goals. In 1987, the tribe had about 250 employees. Today, the Chickasaw Nation employs nearly 13,500 people. The financial condition of the tribe has been improved tremendously. Funding for tribal operations has grown exponentially. Tribal assets have grown two-hundredfold. Governor Anoatubby is committed to meeting the needs of Chickasaw people through programs and services.

The Chickasaw Nation operates businesses in gaming, hospitality, gourmet chocolate, tourism, retail, health care, banking and financial services, manufacturing, energy, media and technology. A successful economic business plan and diversified business portfolio allow the Chickasaw Nation to offer more than 200 programs, services and outlets, which directly benefit Chickasaw families and their communities.

This page is owned and operated by Sovereign Communication Solutions, LLC., 2020 Lonnie Abbott Blvd., Ada, Oklahoma.",,chickasaw.net,https://www.linkedin.com/company/chickasaw-nation,https://x.com/chickasawnation,https://www.facebook.com/thechickasawnation,,GOVERNMENT_AGENCY,0,,1855,100000000-499999999,,,,,34bf8d01-f8de-cbd5-45b2-c554e62b90de,No,,no separate store detected
"SPX FLOW, Inc.",4165,1001-5000,industrial machinery manufacturing,"mixers, pumps, valves, separators, homogenizers, apv, ultra high temperature systems, heat exchangers, spray dryers, evaporators, food pumps, industrial pumps, industrial mixers, membrane filtration, heat exchangers, dairy processing, food manufacturing, food processing, consumer goods, marine pumps, impellers, power generation","SPX FLOW solves processing challenges, helping customers lower costs, increase uptime, save energy, reduce waste, and improve quality.

We manufacture and deliver high-value technology, service and support to leading nutrition, health, and industrial businesses around the world. From dairy processors and mixers to our state-of-the-art Innovation Centers, we collaborate with customers to develop and perfect their critical manufacturing processes. Our inventive pumps, values and systems make it easy to provide end-users with high quality products while cutting production costs. We support you, as you support them.  

With operations in more than 25 countries, we meet the varying needs of our diverse customer base to make life safer, healthier and more sustainable. To learn more, please visit spxflow.com",,spxflow.com,https://www.linkedin.com/company/spx-flow,https://x.com/SPXFlow,,,PRIVATELY_HELD,0,+1 704 752 4400,2015,100000000-499999999,,,,,df672966-2aa7-1365-9a3f-e0ac0a382629,No,,no separate store detected
California Department of Forestry and Fire Protection (CAL FIRE),4150,10001+,government administration,"fire protection, resource management, emergency response, wildland fire suppression, 911 dispatch, fire fighting, forestry, paramedic, administration, information technology, state fire marshal, aviation","The California Department of Forestry and Fire Protection (CAL FIRE) is California's fire department and resource management agency. The organization is comprised of nearly 14,000+ permanent and seasonal employees. The mission of the Department is to serve and safeguard the people and protect the property and resources of California.

CAL FIRE is an equal opportunity employer, providing equal opportunity to all regardless of race, color, creed, national origin, ancestry, sex, marital status, disability, religious or political affiliation, age or sexual orientation. CAL FIRE offers well-paying careers and opportunities for advancement.

When you join CAL FIRE, you join a family of employees that function as a team. You will build trust and friendship with your co-workers, as together you respond to emergencies and challenging situations. CAL FIRE provides employees with a variety of career choices and opportunities. We hope that you will consider a rewarding and challenging career with CAL FIRE!",,ca.gov,https://www.linkedin.com/company/calfirecareers,https://x.com/CAL_FIRE,https://www.facebook.com/CALFIRE,,GOVERNMENT_AGENCY,0,,1855,100000000-499999999,,,,,a17728ec-8944-20ac-4747-c34e58887765,No,,no separate store detected
Prime Inc.,4137,5001-10000,truck transportation,"refrigerated trucking, flatbed trucking, tanker trucking, intermodal trucking, transportation, cdl training, training, hopper","Since 1970, Prime Inc. has led the way as a premier carrier in North America.  With refrigerated, flatbed, tanker, intermodal, and hopper divisions, we're proud to deliver safe, reliable, and on-time services to our growing international clientele. 

Drive for Prime 
Looking for a rewarding career on the road? Join one of the best places for truck drivers in the country! At Prime, you not only earn a living but also enjoy the breathtaking views of America right outside your window. Whether you're new and need CDL training or are an experienced driver, there's a place for you in the Prime family. 

Work In-House
Behind each Prime driver is a fleet of in-house associates ensuring the safety, success, and reliability of our operations. We offer competitive incentive pay to cultivate a culture that our associates love and want to stay a part of. 

Join us at Prime Inc. and become a vital part of the team that keeps America moving.",Prime inc. is a freight transport and logistics trucking company driven by the best truck drivers in North America. Explore our one-of-a-kind company culture here!,primeinc.com,https://www.linkedin.com/company/prime-inc.,https://x.com/truckingjob,https://www.facebook.com/primeinctrucking,,PRIVATELY_HELD,0,,1970,100000000-499999999,,,,,0f88785b-92f8-ded1-a42e-166e555f9f05,No,,no separate store detected
CA Department of Corrections & Rehabilitation,4119,10001+,law enforcement,"human resources, corrections, business administration , legal, information technology, fiscal administration, plant operations, correctional officers, warden, vocational education, government, health and safety, construction, procurement, project management","Founded in 1885, the California Department of Corrections and Rehabilitation (CDCR) serves as one of the nation's largest, and most diverse correctional departments.  

Our mission is to facilitate the successful reintegration of the individuals in our care back to their communities equipped with the tools to be drug-free, healthy, and employable members of society by providing education, treatment, rehabilitative, and restorative justice programs, all in a safe and humane environment.

The California Department of Corrections and Rehabilitation (CDCR) and California Correctional Health Care Services (CCHCS) are committed to building and fostering a diverse workplace. We believe cultural diversity, backgrounds, experiences, perspectives, and unique identities should be honored, valued, and supported. We believe all staff should be empowered. CDCR/CCHCS are proud to foster inclusion and representation at all levels of both Departments.",ProudCity is a platform for cities. We believe cities should have the freedom to test-drive digital services privately and publicly before making a purchase commitment.,ca.gov,https://www.linkedin.com/company/california-department-of-corrections-and-rehabilitation,https://x.com/CACorrections,https://www.facebook.com/cacorrections,,GOVERNMENT_AGENCY,0,+1 916 324 7308,1885,100000000-499999999,,,,,00fd9fd5-917a-9768-6f52-1bf192433f33,No,,no separate store detected
7 Brew Coffee,4106,10001+,food and beverage services,"coffee, energy drinks, real estate, developement, marketing, qsr, drive thru, franchising, operations, customer service, kindness, beverages, hospitality","7 Brew was born from a desire to change drive-thru coffee into a fun, mind-blowing experience for everyone. We dreamed of serving premium coffee in record time and making new friends while we’re at it. The dream came alive with our first stand in Rogers, AR and our 7 original coffees. 
 
We take pride in serving specialty coffees, smoothies, chillers, teas, and our exclusive 7 Energy, a premium energy drink that can be infused with over 20,000 flavor combinations. 
 
7 Brew is so much more than just a coffee stand. It’s the concept of Cultivating Kindness and joy with every drink – through our service, speed, quality, energy and atmosphere. It’s contagious and it’s changing the drive-thru coffee industry. 
 
Visit www.7brew.com to learn more and follow us @7BrewCoffee on Instagram, Facebook, Twitter, and TikTok to stay updated on all things 7 Brew.",Visit 7 Brew for an elevated coffee drive-thru experience.,7brew.com,https://www.linkedin.com/company/7brewcoffee,,,,PRIVATELY_HELD,0,,2017,100000000-499999999,,,,,943bf0e1-b8ab-2f16-5ea5-7472581d969f,No,,no separate store detected
Zions Bancorporation,4099,10001+,banking,"sba lending, public finance advisory services, and agricultural finance.","Zions Bancorporation, N.A. is one of the nation's premier financial services companies with approximately $89 billion of total assets at December 31, 2024, and annual net revenue of $3.1 billion in 2024. Zions operates under local management teams and distinct brands in 11 western states: Arizona, California, Colorado, Idaho, Nevada, New Mexico, Oregon, Texas, Utah, Washington and Wyoming. The bank is a national leader in Small Business Administration lending and public finance advisory services, and has been recognized by Coalition Greenwich with 233 Excellence awards for small business and middle market banking over the past 15 years.

Zions Bancorporation’s common stock is traded on NASDAQ under the symbol ZION. The company is a member of the S&P 400 Mid-Cap and the NASDAQ Financial 100 Indices. The deposit insurance coverage for accounts at Zions Bancorporation, N.A. is the standard FDIC insurance limit for each account ownership category regardless of the Zions Bancorporation, N.A. division holding the account.",,zionsbancorporation.com,https://www.linkedin.com/company/zions-bancorporation,https://x.com/ZBCRecruiting,,,PUBLIC_COMPANY,0,,1873,100000000-499999999,1087900000,POST_IPO_DEBT,500000000,2025-08-11,e6109b5a-ccde-9916-1042-e76340b0508b,No,,no separate store detected
Marathon Oil Corporation,4000,1001-5000,oil and gas,"exploration, production","Marathon Oil is now part of ConocoPhillips, a global oil and gas company tasked with an important job - to safely find and deliver energy for the world. 

ConocoPhillips has completed its acquisition of Marathon Oil. “This acquisition of Marathon Oil is a perfect fit for ConocoPhillips, adding to our deep, durable and diverse portfolio while meeting our strict financial framework,” said Ryan Lance, chairman and chief executive officer. Learn more at https://bit.ly/4i2grZ5.  

At ConocoPhillips, we believe it is important to foster an environment where visitors can share ideas and questions with us and each other. We invite you to join us in the conversation by following a few simple guidelines: 
· Please contribute to the dialogue by keeping your comments relevant to the community and on topic. 
· Direct your comments at issues, rather than individuals. 
· Comments that are spam, profane or defamatory will be removed. 
· We reserve the right to moderate or delete comments without prior notice that are insulting, off-topic or obscene, in order to foster a relevant and respectful community. 
· ConocoPhillips supports LinkedIn's terms and conditions and related policies, and we expect visitors to our page to do the same. 

We look forward to hearing from you. We reserve the right to moderate comments in an appropriate manner.",Marathon Oil Corporation (MRO) is an independent energy company specializing in exploration and production. Learn how were innovating for the future.,marathonoil.com,https://www.linkedin.com/company/marathon-oil-corporation,https://x.com/marathonoil,,,PUBLIC_COMPANY,0,,1889,100000000-499999999,1200000000,POST_IPO_DEBT,1200000000,2024-03-26,0f5bed67-b5a2-ac7c-8c77-bc56ddb3bad1,No,,no separate store detected
Panasonic Avionics Corporation,3985,5001-10000,aviation and aerospace component manufacturing,in-flight entertainment and communications systems,"For 40 years, Panasonic Avionics has strengthened the connection between the world’s airlines and their passengers. We are recognized globally for our experience and leadership in product innovation and customization, system reliability, and customer care.
 
We collaborate with over 300 airline customers to develop inflight entertainment and communications (IFEC) solutions that are designed to meet their unique fleet, brand, operations, and business requirements, based on state-of-the-art technology, connectivity, and industry know-how. Every year, more than 2.7 billion passengers enjoy an amazing entertainment experience flying onboard Panasonic-equipped aircraft.",Lets reinvent the flying experience. We pioneered the inflight entertainment industry 40 years ago. And were reinventing it every day.,panasonic.aero,https://www.linkedin.com/company/panasonic-avionics-corporation,https://x.com/panasonicaero,https://www.facebook.com/lifeatpanasonicavionics,,PRIVATELY_HELD,0,,1979,100000000-499999999,,,,,b4160fc7-c37b-02d9-f855-b90b59b6efe4,No,,no separate store detected
World Kinect,3978,1001-5000,oil and gas,"energy management, energy consulting, sustainability, carbon management, price risk management, energy procurement, natural gas, electricity, biogas, lng, natural gas procurement, electricity procurement, invoice processing, budgeting, reporting, infrastructure, hedging, energy supply, solar, wind, carbon offsetting, carbon compliance, fuel, jet fuel, saf, lubricants, onsite fuel supply, emergency fuel planning, price risk management, fuel logistics, marine fuel, bunkering, fuel management, transport + delivery","Headquartered in Miami, Florida, World Kinect Corporation (NYSE: WKC) is a leading global energy management company, offering a broad suite of solutions across the energy product spectrum. In addition to our core energy and fuel offerings to customers in the transportation sector, we provide advisory services, sustainability and renewable energy solutions, as well as supply fulfillment for natural gas and power. We continue to focus on advancing the energy transition to lower carbon alternatives through expanding our portfolio of energy solutions and providing customers with greater access to sustainably sourced energy.

For more information, visit https://corp.worldkinect.com.",Introducing World Kinect Corporation: formerly World Fuel Services. Learn about our new parent company name and how were evolving as a reliable provider of sustainable energy solutions.,wfscorp.com,https://www.linkedin.com/company/world-kinect,,https://www.facebook.com/pg/wfscorpcareers,,PUBLIC_COMPANY,0,,1984,100000000-499999999,350000000,POST_IPO_DEBT,350000000,2023-06-21,fcade374-70ef-767e-42dc-c43946b65314,No,,no separate store detected
Applied Industrial Technologies,3856,5001-10000,wholesale,"bearings, power transmission, fluid power, industrial distribution, industrial supply, flow control, automation","Founded in 1923, Applied Industrial Technologies is a leading value-added distributor and technical solutions provider of industrial motion, fluid power, flow control, automation technologies, and related maintenance supplies. Our leading brands, specialized services, and comprehensive knowledge serve MRO and OEM end users in virtually all industrial markets through our multi-channel capabilities that provide choice, convenience, and expertise.

To learn more, visit www.Applied.com.",,applied.com,https://www.linkedin.com/company/appliedindustrialtechnologies-,,,,PUBLIC_COMPANY,0,+1 216 426 4753,,100000000-499999999,,,,,ab179679-e279-1126-48c8-62e9af70eb7b,No,,no separate store detected
Oil States,3819,1001-5000,oil and gas,"subsea pipelines & structures, marine cranes & winches, industrial clutches & brakes, high performance valve products, advanced welding deepwater technology, deepsea minerals, offshore wind, floating wind systems, custom elastomeric and composite molding services, drilling equipment inspection, maintenance, refurb, cem, drilling, intervention, and production riser systems, downhole perforating and completions technologies, decommissioning structural and p&a/well abandonment, high spec precision machining & cladding, advanced casing/conductor connectors with turnkey pipe fabrication, energy, energy technology","Access Energy Together - Engineering the Connections that Power the World.
 
At Oil States (www.oilstates.com), we believe energy access is a shared pursuit - built on collaboration, innovation, and trust. Our purpose is simple yet powerful: to connect the world’s energy safely, reliably, and sustainably.
 
For more than 80 years, Oil States has delivered engineered systems and services that advance offshore and onshore operations worldwide. From high-performance subsea connectors, risers, and intervention systems to well access, completion, and abandonment solutions, our technologies help operators maximize efficiency, reduce risk, and extend asset life across the entire well lifecycle.
 
As global energy needs evolve, Oil States continues to bridge established oil and gas operations with emerging frontiers such as offshore wind, carbon capture, and geothermal development. Through strategic regional manufacturing, local partnerships, and a commitment to technical excellence, we strengthen supply resilience and support energy security across the markets we serve.
 
Our people are the foundation of Access Energy Together - combining deep engineering expertise, local insight, and a spirit of partnership that drives meaningful progress for our customers and communities.
 
Together, we deliver solutions for energy access that keep the world moving.",A description here,oilstates.com,https://www.linkedin.com/company/oil-states,https://x.com/oilstatesind,,,PUBLIC_COMPANY,0,+1 817 548 4200,1942,100000000-499999999,,,,,5fedb66b-ba74-7f9f-bae3-8a9d47beb1b9,No,,no separate store detected
Murphy Oil Corporation,3734,501-1000,oil and gas,"oil and natural gas production, oil and natural gas exploration","Murphy Oil Corporation is a global independent oil and natural gas exploration and production company. The company’s diverse resource base includes offshore production in Canada and the Gulf of America, as well as North America onshore plays in the Eagle Ford Shale in the U.S., Kabob Duvernay and Tupper Montney in Canada. Additional information can be found on the company’s website at https://www.murphyoilcorp.com.",Murphy Oil Corporation is a global oil exploration & production company. Our North American onshore operation supports global offshore & exploration.,murphyoilcorp.com,https://www.linkedin.com/company/murphy-oil,,,,PUBLIC_COMPANY,0,,1950,100000000-499999999,600000000,POST_IPO_DEBT,600000000,2024-09-19,73bd7240-8da2-0d61-0ff6-d4a4a23483f1,No,,no separate store detected
CME Group,3715,1001-5000,financial services,"futures, options, market data, commodities, risk management, financial, interest rates, clearing, equity index, agricultural, fx, energy, metals, cryptocurrency, derivatives","As the world's leading derivatives marketplace, CME Group (www.cmegroup.com) is where the world comes to manage risk. CME Group exchanges offer the widest range of global benchmark products across all major asset classes, including futures and options based on interest rates, equity indexes, foreign exchange, energy, agricultural commodities, metals, weather and real estate.  CME Group brings buyers and sellers together through its CME Globex® electronic trading platform and its trading facilities in New York and Chicago.  CME Group also operates CME Clearing, one of the world’s leading central counterparty clearing provider in the world, which offers clearing and settlement services for exchange-traded contracts, as well as for over-the-counter derivatives transactions through CME ClearPort®.  These products and services ensure that businesses everywhere can substantially mitigate counterparty credit risk in both listed and over-the-counter derivatives markets.",,cmegroup.com,https://www.linkedin.com/company/cme-group,https://x.com/CMEGroup,http://www.facebook.com/CMEGroup,,PUBLIC_COMPANY,0,+1 312 930 1000,1848,100000000-499999999,1000000000,POST_IPO_EQUITY,1000000000,2021-11-04,3a1a047f-131f-c154-4807-0567510dbf68,No,,no separate store detected
SoCalGas,3699,5001-10000,utilities,"residential services, energy efficiency programs, commercial & industrial services, natural gas","SoCalGas is the largest gas distribution utility in the United States, serving more than 21 million consumers across approximately 24,000 square miles of Central and Southern California. Our mission is: Safe, Reliable, and Affordable energy delivery today. Ready for tomorrow. SoCalGas is a recognized leader in the energy industry and has been named Corporate Member of the Year by the Los Angeles Chamber of Commerce for its volunteer leadership in the communities it serves.","As the nations largest natural gas distribution utility, we deliver clean, safe and reliable energy to 21.1 million consumers in more than 500 communities.",socalgas.com,https://www.linkedin.com/company/socalgas,,,,PUBLIC_COMPANY,0,+1 619 696 4129,,100000000-499999999,,,,,6f2d6fa5-8310-de63-6756-b4b0a556ea2e,No,,no separate store detected
